anio_reporte,Costo Medio,TACC Siniestros
2018,71164.80702,8.712234957
2019,81732.92467,10.01407792
2020,81336.27887,27.08526736
