anio_sesa,Frecuencia de accidentes
2013,7.870328257
2014,7.503268379
2015,7.958766213
2016,8.09935656
2017,7.66287662
2018,7.585331165
2019,7.50237447
