Año de reporte,Prima emitida,Vehiculos en circulacion,Vehi­culos asegurados,% de Vehiculos asegurados
2013,63012338506.53,36744838,9943597,27.06120789
2014,66392233375.08,38027171,10586336,27.83887342
2015,73120024881.82,40225996,11114082,27.62910333
2016,89095869577.61,42932567,12275301,28.59204995
2017,100031383322.20,45476133,12868614,28.29751158
2018,106531365084.88,47790950,13021069,27.2458886
2019,112491304931.19,44922702,13941030,31.03337373
